site,avgfracsurvive,maxfracsurvive
(HA2)45,0.0027564148219341848,0.05212129913538922
280,0.002481307920859724,0.02685963805875505
291,0.0011015713790270114,0.020929856201513216
216,0.0009431063919737509,0.013825715034208728
(HA2)198,0.0006808848385584817,0.012248286456468306
-8,0.0005023330800076143,0.005036349462835691
160,0.00046916267951917435,0.008914090910864312
(HA2)39,0.0003648229756590818,0.006931636537522554
105,0.000359443865787766,0.006829433449967554
(HA2)5,0.00033684525574050874,0.006400059859069666
2,0.00025682034093584677,0.004879586477781089
(HA2)100,0.00025279815066838374,0.004791454734822994
313,0.00024397304204077012,0.004299487798774632
(HA2)172,0.00024146672528517068,0.004587867780418243
(HA2)47,0.00021580403429177048,0.002715835756083485
263A,0.00021375059385307375,0.0037657535027009093
240,0.00019677842243100916,0.003738790026189174
(HA2)24,0.000196155037628664,0.003726945714944616
220,0.00018970023282960326,0.003604304423762459
166,0.00018710215291948849,0.003554940905470281
161,0.00018256960813525712,0.003468822554569885
198,0.00018238159523384825,0.003465250309443117
(HA2)188,0.00018224215150758975,0.0034626008786442053
156,0.00017894764653929288,0.003400005284246565
131,0.00017176373494433287,0.002261576652472912
(HA2)220,0.0001624615583742004,0.002501749186633645
(HA2)61,0.00015996062591050377,0.0030392518922995717
318,0.00015764062887211458,0.002442914609106112
295,0.00015753712817045688,0.0029932054352386785
(HA2)80,0.0001544359329980054,0.0029342827269621024
282,0.00014874241081547896,0.0024541058054941
323,0.00014639823847241052,0.002560392753183112
(HA2)190,0.00014328386900149762,0.0016338275973084345
158,0.00014121473082395866,0.0026830798856552146
121,0.00013555188115687905,0.002575485741980702
(HA2)76,0.00013504013465160625,0.0017891375047360293
(HA2)36,0.00013419443028129646,0.0025496941753446307
(HA2)17,0.00012722854438906213,0.0019257134362035203
61,0.0001258441926455828,0.002391039660266073
(HA2)185,0.00012498986398484717,0.0023748074157120954
13,0.00012350302777694848,0.002346557527762021
-2,0.0001231948805324593,0.0013329592820815876
183,0.00011970969790762418,0.001743601561470598
225,0.00011253405452202314,0.0010643832979656417
192,0.0001105411046525011,0.002100280988397521
(HA2)22,0.0001069891339114505,0.002032793544317558
(HA2)154,0.00010396222933586862,0.001975282357381504
(HA2)89,0.00010271967732034832,0.0016459611843025082
188,0.00010156893457090226,0.001929809756847143
(HA2)117,9.976412229693253e-05,0.0012083638686678285
327,9.943243187748135e-05,0.0018866278252524821
(HA2)27,9.67014800002493e-05,0.0018373281200047367
281,9.670116694297673e-05,0.0014506777117727562
17,9.623974950600973e-05,0.001007662993865744
(HA2)108,9.48870991005828e-05,0.0016525568939119053
287,9.4292510973047e-05,0.001791557708487893
268,8.830708704943852e-05,0.0010526035778783004
86,8.680058744100542e-05,0.0016492111613791026
316,8.665420913459023e-05,0.0011604388636794988
124,8.470020294958929e-05,0.0016093038560421964
112,8.461654860659305e-05,0.0016077144235252653
(HA2)197,8.436522969468686e-05,0.0009141796626671314
237,8.101601993890206e-05,0.0015393043788391391
-4,7.994663777463827e-05,0.0015189861177181273
(HA2)106,7.939467887350939e-05,0.000762668775537103
10,7.835999459950429e-05,0.0013501580086214705
307,7.769422931447944e-05,0.001463675037453548
152,7.747611751861131e-05,0.001472046232853615
260,7.573855440042682e-05,0.0014390325336081098
234,7.541767611329263e-05,0.00143293584615256
23,7.480906591885492e-05,0.0014213722524582435
308,7.453134159257424e-05,0.0006367791771453718
(HA2)64,7.210936097116909e-05,0.0013700778584522127
(HA2)173,7.202898740307769e-05,0.001368550760658476
42,7.097811095467637e-05,0.0006632443610662306
(HA2)141,7.013500531150231e-05,0.000988190235386465
243,6.979627161762762e-05,0.0009907789895862982
191,6.966106263212164e-05,0.0013235601900103064
102,6.885030022991945e-05,0.0013081557043684694
(HA2)213,6.88484104727933e-05,0.0010443268304112054
84,6.828126569998155e-05,0.0012973440482996466
43,6.799851384981652e-05,0.0006720000000000003
245,6.683531839647479e-05,0.001269871049533021
311,6.665720137150978e-05,0.000894486826058685
296,6.616330577267274e-05,0.000636751460454795
177,6.577436659742421e-05,0.0006344302215696256
(HA2)68,6.535881738440062e-05,0.000885996205323683
15,6.508252696834069e-05,0.0007960382949906137
213,6.373231182884858e-05,0.0012109139247481221
(HA2)92,6.277976369725183e-05,0.0011928155102477848
252,6.155607862580192e-05,0.0011695654938902338
(HA2)175,6.144927775845918e-05,0.0008438955351360161
201,6.095423381376896e-05,0.0011581304424616102
(HA2)178,6.0693913928223746e-05,0.0011531843646362494
(HA2)85,6.013473702859479e-05,0.0005720698319676954
(HA2)95,5.9972611493612135e-05,0.0011394796183786305
(HA2)169,5.993556692083053e-05,0.0011387757714957794
170,5.8471909357678645e-05,0.0011109662777958914
26,5.806795112110142e-05,0.001099932098579959
(HA2)170,5.679522337370072e-05,0.0010791092441003137
(HA2)69,5.675915413231174e-05,0.0008032428967831499
119B,5.6740952238260434e-05,0.001078078092526945
108,5.6533327644534255e-05,0.0010741332252461508
149,5.527575550385824e-05,0.0010502393545733066
196,5.5043264048399426e-05,0.0005201707966836725
(HA2)119,5.4962597812538215e-05,0.001044289358438226
(HA2)71,5.495692032688962e-05,0.0010441814862109028
257,5.458412332844866e-05,0.0010370983432405245
(HA2)195,5.440279148108872e-05,0.0006892471091578334
(HA2)93,5.417111270634247e-05,0.0005748003752048306
275,5.275586455876731e-05,0.0010023614266165789
314,5.249540879101185e-05,0.0007143233324187798
222,5.242915480247942e-05,0.000996153941247109
204,5.1948828032209346e-05,0.0009870277326119775
(HA2)99,5.151798981254617e-05,0.0009788418064383773
(HA2)3,5.1302338112918934e-05,0.0009747444241454596
171,4.9456525601252756e-05,0.0008236117845026918
229,4.938018369845385e-05,0.0009382234902706232
(HA2)157,4.894209527835315e-05,0.0009298998102887043
154,4.751678557289355e-05,0.0009028189258849775
14,4.726017025773074e-05,0.0008607478340757436
(HA2)200,4.694800674145538e-05,0.000559315370564255
(HA2)129,4.618750427069466e-05,0.0008775625811431984
(HA2)215,4.4731378043105523e-05,0.0008498961828190049
(HA2)21,4.4419944139347266e-05,0.000843978938647598
(HA2)41,4.4109912067575925e-05,0.0005620393360458338
130,4.298476353464646e-05,0.0008167105071582827
(HA2)138,4.231650681283364e-05,0.0005678855877555436
(HA2)30,4.0784205454848265e-05,0.0007748999036421168
215,4.0589872171763475e-05,0.000771207571263506
69,4.000917023990142e-05,0.000760174234558127
71,3.99343033891595e-05,0.0007587517643940305
(HA2)32,3.968200627694941e-05,0.0007539581192620388
24,3.887648474965999e-05,0.0007386532102435376
(HA2)40,3.8770068672558244e-05,0.0007366313047786066
129,3.875538496482152e-05,0.0007363523143316089
143,3.843734925137249e-05,0.0007303096357760774
(HA2)217,3.831267918689793e-05,0.0007279409045510606
12,3.82478565564741e-05,0.000726709274573008
193,3.751429438244642e-05,0.000712771593266482
(HA2)184,3.742838120825918e-05,0.0007111392429569245
(HA2)144,3.6870167978322046e-05,0.0006558217961185883
76,3.642370297385786e-05,0.0006920503565032991
262,3.590211554093431e-05,0.0006821401952777505
230,3.569313899329222e-05,0.0006781696408725522
226,3.5533546352292746e-05,0.0006751373806935622
(HA2)52,3.5368421052631574e-05,0.0006719999999999999
98,3.4700331883087205e-05,0.0004153869490292803
278,3.4658626916269175e-05,0.0006585139114091143
212,3.459268431592392e-05,0.0006572610020025503
70,3.439696119604002e-05,0.0003612949498117985
(HA2)42,3.4208889845844425e-05,0.000649968907071044
(HA2)46,3.418938505317629e-05,0.0005781447220576402
(HA2)120,3.4118294952686963e-05,0.0006482476041010523
209,3.3901690591751766e-05,0.0006441321212432836
279,3.357349203165015e-05,0.0006378963486013529
277,3.345657467346779e-05,0.000635674918795888
(HA2)50,3.335030043333234e-05,0.0005434909627203928
195,3.3156405378623884e-05,0.0006299717021938534
250,3.302762324898218e-05,0.0003320556994227254
(HA2)103,3.2879036091431135e-05,0.0006247016857371892
321,3.285265453432468e-05,0.0006242004361521687
251,3.2822608279448646e-05,0.0006236295573095243
(HA2)161,3.264801430253584e-05,0.0006203122717481804
258,3.236022200454688e-05,0.00033201955108536074
270,3.136854949694637e-05,0.0005960024404419809
(HA2)94,3.088906678572825e-05,0.0005868922689288344
35,3.0708446027836855e-05,0.0005834604745289003
11,3.052644214233016e-05,0.0005800024007042727
233,3.041019460591633e-05,0.0005777936975124086
(HA2)26,3.0346872347605214e-05,0.0005765905746044965
54,3.01416117983471e-05,0.0005726906241685925
(HA2)18,3.0096883528332806e-05,0.0005718407870383226
301,3.0043747735999552e-05,0.0005708312069839902
148,2.9935728210178444e-05,0.00036956687112063737
3,2.987570179265701e-05,0.000567638334060482
236,2.9740731715353103e-05,0.000565073902591709
33,2.9622628264597687e-05,0.0003317478238270169
128,2.9226799080360977e-05,0.0005553091825268586
(HA2)55,2.9145758192828534e-05,0.0005537694056637417
(HA2)14,2.9012166804051148e-05,0.0005385871661640437
88,2.859872490982304e-05,0.0005433757732866354
256,2.7395813763930994e-05,0.0005205204615146889
(HA2)37,2.7302905672011616e-05,0.0005187552077682207
218,2.7019559302809084e-05,0.0005133716267533726
104,2.6662046437782584e-05,0.0005065788823178691
(HA2)118,2.6435639205325023e-05,0.00034977966525555565
(HA2)123,2.5712346368191724e-05,0.00033599999999999993
(HA2)143,2.5125709830082433e-05,0.00047738848677156623
151,2.4703785754076426e-05,0.0004693719293274488
(HA2)116,2.390117123149717e-05,0.000383667877711553
(HA2)149,2.3242430224199126e-05,0.0004416061742597834
(HA2)111,2.287631342343227e-05,0.0003360000000000004
(HA2)199,2.2516394484117575e-05,0.0004278114951982337
276,2.2368640858360093e-05,0.00042500417630884175
(HA2)205,2.224071697128275e-05,0.0002650664333562749
(HA2)34,2.1992948937317236e-05,0.000417866029809027
41,2.1927910491476927e-05,0.00041663029933806164
(HA2)132,2.1473684210526316e-05,0.000408
(HA2)81,2.1473684210526316e-05,0.000408
117,2.1393133086539812e-05,0.0004064695286442551
48,2.0520434384869156e-05,0.0003898882533125135
186,2.0434059352877916e-05,0.0003882471277046802
(HA2)216,1.9759143956159098e-05,0.00037542373516702285
(HA2)146,1.8119939044394456e-05,0.00034427884184349465
227,1.779194266384757e-05,0.00033804691061310385
(HA2)11,1.7684210526315787e-05,0.00033599999999999993
(HA2)59,1.7597197515289163e-05,0.00016099767588947022
(HA2)159,1.7542769293456726e-05,0.00033331261657567777
(HA2)210,1.753401571499162e-05,0.0003331462985848408
21,1.7467147671134087e-05,0.0003318758057515455
155,1.7285751079710367e-05,0.00032842927051449696
310,1.7278893292663113e-05,0.00032829897256059915
(HA2)115,1.7218737053721208e-05,0.00032715600402070293
(HA2)102,1.7034603342918296e-05,0.00032365746351544763
(HA2)131,1.7019893290097587e-05,0.00032337797251185416
53,1.6949896813957206e-05,0.0003220480394651869
302,1.6818261641453905e-05,0.00031954697118762417
97,1.6787878444171608e-05,0.00031896969043926056
(HA2)221,1.6699784160464746e-05,0.00020606263430254706
231,1.6576172158766462e-05,0.0003149472710165628
141,1.626481829858816e-05,0.000309031547673175
328,1.626013452243232e-05,0.00027704882128214446
(HA2)82,1.606795381679489e-05,0.0003052911225191025
(HA2)128,1.603635426281905e-05,0.00030469073099356194
110,1.5421144346854253e-05,0.0002930017425902304
246,1.5197484482502313e-05,0.00019906807655194984
(HA2)77,1.5083487815213177e-05,0.00023477649775334843
185,1.5072714266972685e-05,0.000286381571072478
39,1.4953828689005142e-05,0.0002841227450910925
64,1.494843341894215e-05,0.0002840202349598956
187,1.494221363019131e-05,0.0002839020589736349
52,1.4921882160115059e-05,0.0002835157610421861
(HA2)29,1.4894045234416553e-05,0.0002829868594539145
(HA2)222,1.4788966523167078e-05,0.0002809903639401745
(HA2)2,1.4595648243211453e-05,0.00027731731662101545
205,1.4549143258293668e-05,0.0002764337219075797
55,1.4524198212221054e-05,0.0002759597660322
206,1.4367300766205283e-05,0.00027297871455790037
56,1.4284987886790633e-05,0.00027141476984902203
32,1.4126935688484544e-05,0.0002684117780812063
(HA2)203,1.3620632957053497e-05,0.0002587920261840164
(HA2)209,1.3113291607160905e-05,0.00024915254053605286
38,1.3106332412354683e-05,0.00024309415141328915
82,1.2985607595324063e-05,0.0002467265443111572
65,1.2853534629998291e-05,0.0002442171579699645
(HA2)28,1.2726730333609542e-05,0.0002418078763385813
(HA2)56,1.2202509118143481e-05,0.00023184767324472592
106,1.1852881253040245e-05,0.00022520474380776466
303,1.1749640615021004e-05,0.00022324317168539908
119,1.149188030751129e-05,0.0002183457258427145
(HA2)206,1.1447208526882943e-05,0.0002174969620107759
(HA2)84,1.141536487875116e-05,0.00021689193269627206
182,1.1343793288181688e-05,0.00021553207247545207
(HA2)109,1.133421113318174e-05,0.00021535001153045305
(HA2)72,1.1229944142309691e-05,0.00021336893870388415
-9,1.084789330110161e-05,0.00020610997272093058
(HA2)44,9.707464670471413e-06,9.812729654686644e-05
(HA2)186,9.48630768553845e-06,0.00018023984602522948
(HA2)60,9.238749094218742e-06,0.00017553623279015608
90,9.091193442141198e-06,0.00017273267540068212
(HA2)79,8.345093122667601e-06,0.00015855676933068444
150,8.330084555832859e-06,0.0001582716065608243
(HA2)107,8.299717977208924e-06,0.0001576946415669663
(HA2)114,8.0258792408318e-06,0.0001524917055758042
(HA2)49,8.024061787441987e-06,0.0001524571739613973
322,7.922228711312114e-06,0.00015052234551493016
78A,7.701152202206406e-06,0.0001463218918419163
(HA2)196,7.586714788515119e-06,0.00014414758098178727
119C,7.427533825484879e-06,0.00014112314268421248
(HA2)142,7.386576615350667e-06,0.00014034495569166267
18,7.0832060614843e-06,0.0001345809151682017
179,6.724416092833875e-06,0.00012776390576384362
305,6.709422445908897e-06,0.00012747902647226904
266,6.5269415796002155e-06,0.00010390366209056316
(HA2)70,6.415229881845898e-06,0.00012188936775507207
(HA2)167,6.012278501740496e-06,0.00011423329153306943
(HA2)187,5.851173758896067e-06,0.00011117230141902505
190,5.729925852748194e-06,0.0001088685912022133
(HA2)194,5.713352512106303e-06,0.00010855369773001976
181,5.511088416699591e-06,0.00010471067991729222
203,5.490980883321823e-06,0.00010432863678311268
(HA2)140,5.221187080448259e-06,9.920255452851691e-05
(HA2)83,5.167006306697238e-06,9.817311982724493e-05
(HA2)145,5.064229992458358e-06,9.622036985670837e-05
172,4.622102367759618e-06,8.781994498743102e-05
(HA2)15,4.581935712401357e-06,8.70567785356258e-05
168,4.559791457488069e-06,8.663603769227331e-05
(HA2)75,4.090248497063018e-06,7.771472144419735e-05
101,3.5605552911614453e-06,6.765055053206746e-05
(HA2)43,3.2205869483105005e-06,6.119115201789951e-05
73,3.0715679916405445e-06,5.835979184116991e-05
51,2.997803352875328e-06,5.695826370462863e-05
(HA2)7,2.9930909214654605e-06,5.686872750784353e-05
(HA2)88,2.475787572922632e-06,4.703996388552979e-05
(HA2)1,2.271148676264404e-06,4.315182484902367e-05
290,1.5019932789775067e-06,2.8537872300572193e-05
315,8.710533654887022e-07,1.6550013944280137e-05
283,6.61443530678986e-07,1.2567427082895313e-05
298,6.585906540408203e-07,8.49027646233143e-06
34,4.7450335795781344e-07,9.015563801198456e-06
36,4.3188991493652774e-07,8.205908383794027e-06
37,3.9332589713914415e-07,3.935151752604239e-06
(HA2)73,3.853585427333965e-07,7.321812311934533e-06
274,3.666948916190606e-07,6.967202940762152e-06
(HA2)207,8.814297068067776e-08,1.6747164429328776e-06
300,3.8307533336052806e-08,7.278431333850033e-07
(HA2)191,3.195543245220434e-19,4.336808689942018e-19
20,2.6249105228596423e-19,4.336808689942018e-19
85,2.282530889443167e-19,4.336808689942018e-19
(HA2)12,1.8260247115545337e-19,2.168404344971009e-19
100,1.7118981670823754e-19,2.168404344971009e-19
176,1.7118981670823754e-19,4.336808689942018e-19
(HA2)214,1.7118981670823754e-19,2.168404344971009e-19
6,1.7118981670823754e-19,4.336808689942018e-19
(HA2)74,1.597771622610217e-19,2.168404344971009e-19
(HA2)152,1.597771622610217e-19,2.168404344971009e-19
95,1.4836450781380587e-19,2.168404344971009e-19
(HA2)126,1.4836450781380587e-19,2.168404344971009e-19
28,1.4836450781380587e-19,2.168404344971009e-19
284,1.3695185336659003e-19,2.168404344971009e-19
309,1.3695185336659003e-19,2.168404344971009e-19
(HA2)192,1.3695185336659003e-19,2.168404344971009e-19
138,1.255391989193742e-19,2.168404344971009e-19
189,1.255391989193742e-19,6.505213034913027e-19
(HA2)134,1.255391989193742e-19,2.168404344971009e-19
159,1.1412654447215836e-19,4.336808689942018e-19
324,1.1412654447215836e-19,4.336808689942018e-19
(HA2)16,1.1412654447215836e-19,2.168404344971009e-19
(HA2)4,1.1412654447215836e-19,4.336808689942018e-19
(HA2)121,6.847592668329501e-20,4.336808689942018e-19
239,6.847592668329501e-20,2.168404344971009e-19
(HA2)211,6.847592668329501e-20,2.168404344971009e-19
122,5.706327223607918e-20,2.168404344971009e-19
263,4.565061778886334e-20,2.168404344971009e-19
93A,4.565061778886334e-20,2.168404344971009e-19
289,4.565061778886334e-20,4.336808689942018e-19
327A,4.565061778886334e-20,4.336808689942018e-19
79,4.565061778886334e-20,2.168404344971009e-19
(HA2)63,4.565061778886334e-20,2.168404344971009e-19
(HA2)181,4.5650617788863336e-20,8.673617379884034e-19
144,3.4237963341647507e-20,2.168404344971009e-19
175,3.4237963341647507e-20,2.168404344971009e-19
254,2.282530889443167e-20,4.336808689942018e-19
74,2.282530889443167e-20,4.336808689942018e-19
210,2.282530889443167e-20,4.336808689942018e-19
306,2.282530889443167e-20,4.336808689942018e-19
242,2.282530889443167e-20,4.336808689942018e-19
224,2.282530889443167e-20,4.336808689942018e-19
207,2.282530889443167e-20,2.168404344971009e-19
46,2.282530889443167e-20,2.168404344971009e-19
45,2.282530889443167e-20,2.168404344971009e-19
228,2.282530889443167e-20,4.336808689942018e-19
142,2.282530889443167e-20,4.336808689942018e-19
153,2.282530889443167e-20,4.336808689942018e-19
(HA2)65,2.282530889443167e-20,4.336808689942018e-19
(HA2)97,2.282530889443167e-20,2.168404344971009e-19
(HA2)182,2.282530889443167e-20,4.336808689942018e-19
184,2.282530889443167e-20,2.168404344971009e-19
(HA2)136,2.282530889443167e-20,4.336808689942018e-19
(HA2)168,2.282530889443167e-20,4.336808689942018e-19
(HA2)147,2.282530889443167e-20,2.168404344971009e-19
132,1.1412654447215836e-20,2.168404344971009e-19
(HA2)130,1.1412654447215836e-20,2.168404344971009e-19
147,1.1412654447215836e-20,2.168404344971009e-19
(HA2)10,1.1412654447215836e-20,2.168404344971009e-19
140,1.1412654447215836e-20,2.168404344971009e-19
99,1.1412654447215836e-20,2.168404344971009e-19
60,1.1412654447215836e-20,2.168404344971009e-19
83,1.1412654447215836e-20,2.168404344971009e-19
286,1.1412654447215836e-20,2.168404344971009e-19
288,1.1412654447215836e-20,2.168404344971009e-19
317,1.1412654447215836e-20,2.168404344971009e-19
304,1.1412654447215836e-20,2.168404344971009e-19
-3,1.1412654447215836e-20,2.168404344971009e-19
(HA2)51,1.1412654447215836e-20,2.168404344971009e-19
173,1.1412654447215836e-20,2.168404344971009e-19
214,1.1412654447215836e-20,2.168404344971009e-19
211,1.1412654447215836e-20,2.168404344971009e-19
(HA2)179,0.0,0.0
(HA2)105,0.0,0.0
(HA2)193,0.0,0.0
(HA2)19,0.0,0.0
(HA2)189,0.0,0.0
(HA2)183,0.0,0.0
94,0.0,0.0
(HA2)180,0.0,0.0
(HA2)110,0.0,0.0
(HA2)125,0.0,0.0
(HA2)177,0.0,0.0
(HA2)176,0.0,0.0
4,0.0,0.0
40,0.0,0.0
(HA2)174,0.0,0.0
(HA2)171,0.0,0.0
93,0.0,0.0
44,0.0,0.0
(HA2)166,0.0,0.0
(HA2)20,0.0,0.0
326,0.0,0.0
47,0.0,0.0
325,0.0,0.0
31,0.0,0.0
(HA2)35,0.0,0.0
(HA2)101,0.0,0.0
(HA2)33,0.0,0.0
312,0.0,0.0
(HA2)31,0.0,0.0
(HA2)25,0.0,0.0
(HA2)23,0.0,0.0
(HA2)104,0.0,0.0
(HA2)219,0.0,0.0
96,0.0,0.0
(HA2)218,0.0,0.0
319,0.0,0.0
(HA2)212,0.0,0.0
320,0.0,0.0
(HA2)208,0.0,0.0
(HA2)204,0.0,0.0
(HA2)202,0.0,0.0
(HA2)201,0.0,0.0
(HA2)165,0.0,0.0
(HA2)164,0.0,0.0
(HA2)127,0.0,0.0
49,0.0,0.0
68,0.0,0.0
(HA2)112,0.0,0.0
7,0.0,0.0
(HA2)139,0.0,0.0
(HA2)137,0.0,0.0
72,0.0,0.0
89,0.0,0.0
(HA2)135,0.0,0.0
(HA2)113,0.0,0.0
75,0.0,0.0
(HA2)133,0.0,0.0
77,0.0,0.0
78,0.0,0.0
87,0.0,0.0
(HA2)122,0.0,0.0
(HA2)124,0.0,0.0
(HA2)13,0.0,0.0
80,0.0,0.0
81,0.0,0.0
67,0.0,0.0
66,0.0,0.0
(HA2)148,0.0,0.0
56A,0.0,0.0
5,0.0,0.0
50,0.0,0.0
(HA2)163,0.0,0.0
(HA2)162,0.0,0.0
(HA2)160,0.0,0.0
(HA2)158,0.0,0.0
(HA2)156,0.0,0.0
(HA2)155,0.0,0.0
(HA2)38,0.0,0.0
(HA2)150,0.0,0.0
58,0.0,0.0
59,0.0,0.0
(HA2)153,0.0,0.0
92,0.0,0.0
(HA2)151,0.0,0.0
62,0.0,0.0
63,0.0,0.0
91,0.0,0.0
57,0.0,0.0
202,0.0,0.0
(HA2)48,0.0,0.0
259,0.0,0.0
145,0.0,0.0
238,0.0,0.0
139,0.0,0.0
137,0.0,0.0
241,0.0,0.0
136,0.0,0.0
135,0.0,0.0
244,0.0,0.0
134,0.0,0.0
133,0.0,0.0
247,0.0,0.0
248,0.0,0.0
249,0.0,0.0
25,0.0,0.0
127,0.0,0.0
126,0.0,0.0
253,0.0,0.0
125,0.0,0.0
255,0.0,0.0
123,0.0,0.0
120,0.0,0.0
235,0.0,0.0
146,0.0,0.0
232,0.0,0.0
22,0.0,0.0
200,0.0,0.0
199,0.0,0.0
197,0.0,0.0
194,0.0,0.0
19,0.0,0.0
180,0.0,0.0
217,0.0,0.0
178,0.0,0.0
219,0.0,0.0
174,0.0,0.0
157,0.0,0.0
221,0.0,0.0
223,0.0,0.0
169,0.0,0.0
167,0.0,0.0
165,0.0,0.0
164,0.0,0.0
163,0.0,0.0
162,0.0,0.0
16,0.0,0.0
119A,0.0,0.0
118,0.0,0.0
(HA2)53,0.0,0.0
116,0.0,0.0
(HA2)90,0.0,0.0
285,0.0,0.0
(HA2)9,0.0,0.0
(HA2)87,0.0,0.0
29,0.0,0.0
(HA2)86,0.0,0.0
(HA2)8,0.0,0.0
292,0.0,0.0
293,0.0,0.0
294,0.0,0.0
(HA2)78,0.0,0.0
(HA2)67,0.0,0.0
297,0.0,0.0
(HA2)66,0.0,0.0
299,0.0,0.0
30,0.0,0.0
208,0.0,0.0
(HA2)6,0.0,0.0
(HA2)58,0.0,0.0
(HA2)57,0.0,0.0
(HA2)54,0.0,0.0
(HA2)91,0.0,0.0
(HA2)96,0.0,0.0
(HA2)98,0.0,0.0
269,0.0,0.0
261,0.0,0.0
115,0.0,0.0
114,0.0,0.0
113,0.0,0.0
264,0.0,0.0
265,0.0,0.0
111,0.0,0.0
267,0.0,0.0
109,0.0,0.0
27,0.0,0.0
-1,0.0,0.0
107,0.0,0.0
271,0.0,0.0
272,0.0,0.0
273,0.0,0.0
103,0.0,0.0
1,0.0,0.0
-7,0.0,0.0
-6,0.0,0.0
-5,0.0,0.0
(HA2)62,0.0,0.0
