site,avgfracsurvive,maxfracsurvive
(HA2)1,2.271148676264404e-06,4.315182484902367e-05
(HA2)10,5.706327223607917e-20,8.673617379884034e-19
(HA2)100,6.163225198051089e-07,1.171012787629707e-05
(HA2)101,0.0,0.0
(HA2)102,0.00014720723030838153,0.002796937375859249
(HA2)103,0.0,0.0
(HA2)104,0.0,0.0
(HA2)105,0.0,0.0
(HA2)106,0.00010677930163285716,0.001266137955487183
(HA2)107,0.0,0.0
(HA2)108,0.0001826831856329592,0.003320682538027057
(HA2)109,0.0,0.0
(HA2)11,1.7961183880490881e-06,3.4126249372932675e-05
(HA2)110,0.0,0.0
(HA2)111,0.0,0.0
(HA2)112,6.692791402402782e-05,0.0012716303664565285
(HA2)113,0.0,0.0
(HA2)114,0.0,0.0
(HA2)115,3.327279447285972e-05,0.0006321830949843348
(HA2)116,9.983519055297377e-05,0.001826414244819604
(HA2)117,2.652903372282324e-05,0.0005040516407336398
(HA2)118,2.6435639205325023e-05,0.00034977966525555565
(HA2)119,5.4962597812538215e-05,0.001044289358438226
(HA2)12,0.0,0.0
(HA2)120,0.0,0.0
(HA2)121,0.0,0.0
(HA2)122,0.0,0.0
(HA2)123,4.5650617788863336e-20,8.673617379884034e-19
(HA2)124,0.0,0.0
(HA2)125,0.0,0.0
(HA2)126,2.4713334979031965e-06,4.695533646015705e-05
(HA2)127,0.0,0.0
(HA2)128,0.0,0.0
(HA2)129,0.00013378217087203328,0.001993861246568632
(HA2)13,0.0,0.0
(HA2)130,1.1412654447215836e-20,2.168404344971009e-19
(HA2)131,0.00010615705975081059,0.001693606162753547
(HA2)132,1.8260247115545337e-19,4.336808689942018e-19
(HA2)133,0.0001746141729050045,0.003317669285195085
(HA2)134,1.1412654447215836e-20,2.168404344971009e-19
(HA2)135,3.645354536822278e-05,0.0006926173619962329
(HA2)136,0.0,0.0
(HA2)137,1.7054697113258835e-05,0.00032403924515191784
(HA2)138,1.2427791667805489e-05,0.0002361280416882956
(HA2)139,0.0,0.0
(HA2)14,2.9012166804051148e-05,0.0005385871661640437
(HA2)140,9.251581183462427e-05,0.001757800424857861
(HA2)141,8.2893390433159e-05,0.001230599552697942
(HA2)142,3.084024151167249e-05,0.0005859645887217773
(HA2)143,2.5125709830082433e-05,0.00047738848677156623
(HA2)144,3.6870167978322046e-05,0.0006558217961185883
(HA2)145,5.0642299924583805e-06,9.622036985670837e-05
(HA2)146,1.8119939044394456e-05,0.00034427884184349465
(HA2)147,2.282530889443167e-20,2.168404344971009e-19
(HA2)148,7.029414454346097e-05,0.0013355887463257585
(HA2)149,1.7744180946754384e-05,0.0003371394379883333
(HA2)15,0.0,0.0
(HA2)150,4.7503989053851246e-05,0.0009025757920231737
(HA2)151,0.0,0.0
(HA2)152,7.838906604073595e-06,0.0001489392254773983
(HA2)153,0.0,0.0
(HA2)154,0.0,0.0
(HA2)155,0.0,0.0
(HA2)156,0.0,0.0
(HA2)157,4.894209527835313e-05,0.0009298998102887043
(HA2)158,0.0,0.0
(HA2)159,1.3470199222414568e-05,0.0002559337852258768
(HA2)16,1.4836450781380587e-19,8.673617379884034e-19
(HA2)160,0.0,0.0
(HA2)161,9.468505626103799e-05,0.0017990160689597215
(HA2)162,0.0,0.0
(HA2)163,0.00020466946882156836,0.003888719907609799
(HA2)164,0.0,0.0
(HA2)165,0.0,0.0
(HA2)166,0.0,0.0
(HA2)167,6.012278501740496e-06,0.00011423329153306943
(HA2)168,4.565061778886334e-20,4.336808689942018e-19
(HA2)169,1.1412654447215836e-20,2.168404344971009e-19
(HA2)17,0.00048098863867411973,0.008647155227619614
(HA2)170,0.0,0.0
(HA2)171,0.0,0.0
(HA2)172,0.0,0.0
(HA2)173,1.3195688551169043e-05,0.0002507180824722118
(HA2)174,0.0,0.0
(HA2)175,4.4415554480842955e-05,0.0008438955351360161
(HA2)176,0.0,0.0
(HA2)177,0.0,0.0
(HA2)178,8.914631847735488e-05,0.0016937800510697428
(HA2)179,4.5650617788863336e-20,8.673617379884034e-19
(HA2)18,1.9073275092222343e-05,0.00036239222675222383
(HA2)180,0.0,0.0
(HA2)181,4.5650617788863336e-20,8.673617379884034e-19
(HA2)182,6.8475926683295e-20,8.673617379884034e-19
(HA2)183,9.593997280069374e-07,1.822859483213181e-05
(HA2)184,3.742838120825918e-05,0.0007111392429569245
(HA2)185,0.0,0.0
(HA2)186,0.0,0.0
(HA2)187,2.2444906635389655e-05,0.00042645322607240323
(HA2)188,0.0,0.0
(HA2)189,4.5650617788863336e-20,8.673617379884034e-19
(HA2)19,0.0,0.0
(HA2)190,0.0001731666636185166,0.0030877937182132546
(HA2)191,3.6520494231090674e-19,8.673617379884034e-19
(HA2)192,1.1412654447215836e-20,2.168404344971009e-19
(HA2)193,0.0,0.0
(HA2)194,5.713352512106303e-06,0.00010855369773001976
(HA2)195,5.440279148108872e-05,0.0006892471091578334
(HA2)196,0.0,0.0
(HA2)197,0.0002878867478241535,0.004781088507126998
(HA2)198,7.367006553426097e-05,0.001399731245150958
(HA2)199,3.902055827893837e-05,0.00041685539352824113
(HA2)2,1.4595648243211351e-05,0.00027731731662101545
(HA2)20,0.0,0.0
(HA2)200,9.844656262930186e-05,0.0013111693193924804
(HA2)201,0.0,0.0
(HA2)202,4.426830770280599e-05,0.0008410978463533138
(HA2)203,9.850576902391881e-05,0.0018716096114544574
(HA2)204,0.0,0.0
(HA2)205,0.0,0.0
(HA2)206,0.0,0.0
(HA2)207,8.814297068067776e-08,1.6747164429328776e-06
(HA2)208,0.0,0.0
(HA2)209,0.0,0.0
(HA2)21,5.6341861688286515e-05,0.0010704953720774438
(HA2)210,0.0,0.0
(HA2)211,4.113949401944252e-05,0.0007816503863694079
(HA2)212,0.0,0.0
(HA2)213,0.00011542804045651695,0.0011488059382626162
(HA2)214,0.0,0.0
(HA2)215,0.0001036504575651514,0.0019693586937378767
(HA2)216,6.071896825581954e-05,0.0011536603968605712
(HA2)217,3.831267918689793e-05,0.0007279409045510606
(HA2)218,2.9784283657620353e-05,0.0005659013894947867
(HA2)219,8.058899014593919e-05,0.0015311908127728447
(HA2)22,0.00021975634237070393,0.004175370505043375
(HA2)220,0.00014624238328778886,0.002501749186633645
(HA2)221,0.00016578012769246172,0.002965696210883237
(HA2)222,1.4788966523167078e-05,0.0002809903639401745
(HA2)23,0.0,0.0
(HA2)24,9.290450719779168e-05,0.0017651856367580296
(HA2)25,0.0,0.0
(HA2)26,8.942552392164143e-05,0.0016990849545111867
(HA2)27,9.67014800002493e-05,0.0018373281200047367
(HA2)28,1.2726730333609542e-05,0.0002418078763385813
(HA2)29,0.0,0.0
(HA2)3,5.130233811291893e-05,0.0009747444241454596
(HA2)30,0.00044939852377296776,0.008538571951686388
(HA2)31,0.0,0.0
(HA2)32,7.954200056968944e-05,0.0007573398915620604
(HA2)33,0.0,0.0
(HA2)34,0.0,0.0
(HA2)35,3.931080036928575e-06,7.469052070164291e-05
(HA2)36,0.00013419443028129646,0.0025496941753446307
(HA2)37,2.7302905672011616e-05,0.0005187552077682207
(HA2)38,0.0,0.0
(HA2)39,0.0,0.0
(HA2)4,7.988858113051085e-20,4.336808689942018e-19
(HA2)40,0.0001943140073760404,0.003691966140144759
(HA2)41,3.987894507357518e-05,0.0007576999563979284
(HA2)42,8.495694784906526e-05,0.0016141820091322382
(HA2)43,0.0,0.0
(HA2)44,0.0,0.0
(HA2)45,0.0027432262702836428,0.05212129913538922
(HA2)46,0.0,0.0
(HA2)47,0.0005468539038045858,0.005597117645859632
(HA2)48,0.0,0.0
(HA2)49,8.024061787441964e-06,0.0001524571739613973
(HA2)5,0.00033684525574050874,0.006400059859069666
(HA2)50,4.826367693194111e-05,0.0005617495657666196
(HA2)51,0.0,0.0
(HA2)52,0.00010488580195998835,0.0019928302372397787
(HA2)53,0.0,0.0
(HA2)54,0.0,0.0
(HA2)55,2.914575819282851e-05,0.0005537694056637417
(HA2)56,1.220250911814347e-05,0.00023184767324472592
(HA2)57,0.0,0.0
(HA2)58,0.0,0.0
(HA2)59,9.12363562636968e-06,9.533241497828008e-05
(HA2)6,0.0,0.0
(HA2)60,0.0,0.0
(HA2)61,0.00015996062591050377,0.0030392518922995717
(HA2)62,0.0,0.0
(HA2)63,3.4237963341647507e-20,2.168404344971009e-19
(HA2)64,7.210936097116909e-05,0.0013700778584522127
(HA2)65,0.0,0.0
(HA2)66,0.0,0.0
(HA2)67,0.0,0.0
(HA2)68,9.059059954005338e-05,0.0012488260117970492
(HA2)69,1.4483212196356483e-05,0.00027518103173077317
(HA2)7,2.9930909214654605e-06,5.686872750784353e-05
(HA2)70,5.456865176128068e-05,0.0010368043834643329
(HA2)71,0.0001272381281132793,0.0024175244341523064
(HA2)72,1.1229944142309691e-05,0.00021336893870388412
(HA2)73,0.0,0.0
(HA2)74,0.0,0.0
(HA2)75,4.090248497063018e-06,7.771472144419735e-05
(HA2)76,0.00013281193513266023,0.0017468017138760547
(HA2)77,2.326930627637668e-05,0.000390307048515455
(HA2)78,0.0,0.0
(HA2)79,8.345093122667601e-06,0.00015855676933068444
(HA2)8,0.0,0.0
(HA2)80,0.0001544359329980054,0.0029342827269621024
(HA2)81,0.0,0.0
(HA2)82,6.8475926683295e-20,8.673617379884034e-19
(HA2)83,5.167006306697227e-06,9.817311982724493e-05
(HA2)84,0.0,0.0
(HA2)85,3.0108938524615697e-05,0.0005720698319676954
(HA2)86,0.0,0.0
(HA2)87,0.0,0.0
(HA2)88,0.0,0.0
(HA2)89,0.00012604072534080687,0.0020890610966912207
(HA2)9,0.0,0.0
(HA2)90,0.0,0.0
(HA2)91,0.0,0.0
(HA2)92,0.00011951465119937195,0.002270778372788067
(HA2)93,0.00014066182423415913,0.002079776390941164
(HA2)94,0.00011177393253547896,0.0014629730136052044
(HA2)95,6.574754675819368e-05,0.0008531179158281794
(HA2)96,0.0,0.0
(HA2)97,0.0,0.0
(HA2)98,0.0,0.0
(HA2)99,0.00023217229248891275,0.0044112735572893426
-1,1.2597267820742847e-05,0.0002393480885941141
-2,7.015575168850461e-05,0.0013329592820815876
-3,0.0,0.0
-4,7.994663777463827e-05,0.0015189861177181273
-5,0.0,0.0
-6,0.0009115533870271726,0.01731951435351628
-7,0.0,0.0
-8,0.0004839750196537977,0.009195525373422156
-9,1.084789330110161e-05,0.00020610997272093058
1,0.0,0.0
10,7.10609478221827e-05,0.0013501580086214705
100,0.0,0.0
101,0.0,0.0
102,6.885030022991945e-05,0.0013081557043684694
103,0.0,0.0
104,5.227464314559818e-05,0.0008784877875463951
105,0.0,0.0
106,1.1852881253040245e-05,0.00022520474380776466
107,0.0,0.0
108,2.0250702901541623e-05,0.0003847633551292908
109,0.0,0.0
11,0.0,0.0
110,5.750698171420011e-05,0.0007996309099795718
111,0.0,0.0
112,0.00019021744909187777,0.0036141315327456775
113,4.5650617788863336e-20,8.673617379884034e-19
114,0.0,0.0
115,0.0,0.0
116,0.0,0.0
117,0.0,0.0
118,0.0,0.0
119,1.149188030751129e-05,0.0002183457258427145
119A,0.0,0.0
119B,8.851114780822259e-05,0.001681711808356229
119C,7.427533825484867e-06,0.00014112314268421248
12,9.260029697177097e-05,0.0017594056424636484
120,0.0,0.0
121,0.00013691649034939897,0.002575485741980702
122,0.0,0.0
123,0.0,0.0
124,9.130123557772667e-20,1.7347234759768067e-18
125,0.0,0.0
126,0.0,0.0
127,0.0,0.0
128,0.0,0.0
129,6.883937138918478e-05,0.0007363523143316089
13,0.0,0.0
130,0.0,0.0
131,4.422442641422336e-06,8.402641018702417e-05
132,0.0,0.0
133,0.0,0.0
134,0.0,0.0
135,0.0,0.0
136,0.0,0.0
137,0.0,0.0
138,1.255391989193742e-19,2.168404344971009e-19
139,0.00011268404277712851,0.0011409968127654418
14,2.282530889443167e-20,4.336808689942018e-19
140,0.0,0.0
141,6.889639724595659e-05,0.001
142,0.0,0.0
143,3.843734925137249e-05,0.0007303096357760774
144,0.0,0.0
145,0.0,0.0
146,0.0,0.0
147,1.1412654447215836e-20,2.168404344971009e-19
148,0.00011994197674148736,0.0019093306869676226
149,0.00015970319838135342,0.0030343607692457147
15,0.0001482070709592339,0.002815934348225441
150,8.330084555832859e-06,0.0001582716065608243
151,0.00011917746442327501,0.0022643718240422236
152,0.00021255319673150203,0.004038510737898539
153,0.0,0.0
154,4.751678557289355e-05,0.0009028189258849775
155,1.3337535460777287e-05,0.00025341317375476846
156,0.00016425507913326906,0.0031208465035321123
157,0.0,0.0
158,0.00014121473082395866,0.0026830798856552146
159,0.0,0.0
16,0.0,0.0
160,0.00010890537186009305,0.002069202065341768
161,0.00022784297379496208,0.00432901650210428
162,0.0,0.0
163,0.0,0.0
164,0.0,0.0
165,0.0,0.0
166,0.00018710215291948849,0.003554940905470281
167,0.0,0.0
168,8.482791685896397e-05,0.0008937425449670283
169,0.0,0.0
17,0.0002256025098690059,0.003278784693645368
170,5.8471909357678645e-05,0.0011109662777958914
171,4.334798865803641e-05,0.0008236117845026918
172,1.1412654447215836e-20,2.168404344971009e-19
173,0.0,0.0
174,0.0,0.0
175,3.4237963341647507e-20,2.168404344971009e-19
176,0.0,0.0
177,0.00015667900406492186,0.002361618333452081
178,0.0,0.0
179,0.0,0.0
18,0.000108273726775545,0.002057200808735355
180,0.0,0.0
181,0.0,0.0
182,0.0,0.0
183,9.176850323529464e-05,0.001743601561470598
184,0.0,0.0
185,0.0,0.0
186,0.0,0.0
187,5.8730049423671375e-05,0.001115870939049756
188,9.306060790772186e-05,0.0017681515502467153
189,2.282530889443167e-20,4.336808689942018e-19
19,0.0,0.0
190,2.168404344971009e-19,1.7347234759768067e-18
191,0.00011561869588773982,0.0021967552218670567
192,0.0001105411046525011,0.002100280988397521
193,0.0,0.0
194,0.0,0.0
195,4.532633731768677e-05,0.0008612004090360482
196,0.0,0.0
197,0.0,0.0
198,0.0013441409507150917,0.022073427754143626
199,0.0,0.0
2,9.130123557772668e-20,8.673617379884034e-19
20,0.0,0.0
200,0.0,0.0
201,2.0366170634233137e-05,0.0003869572420504296
202,4.013392970016165e-05,0.0007625446643030713
203,2.282530889443167e-20,4.336808689942018e-19
204,0.00010262449726039973,0.0009870277326119775
205,0.0,0.0
206,0.0,0.0
207,1.1412654447215836e-20,2.168404344971009e-19
208,0.0,0.0
209,3.3901690591751766e-05,0.0006441321212432836
21,1.746714767113397e-05,0.0003318758057515455
210,2.282530889443167e-20,4.336808689942018e-19
211,0.0,0.0
212,3.4592684315923734e-05,0.0006572610020025503
213,0.0,0.0
214,0.0,0.0
215,3.7605504144133276e-05,0.0007145045787385323
216,0.0,0.0
217,0.0,0.0
218,0.0,0.0
219,0.0,0.0
22,0.0,0.0
220,0.00042812752767305156,0.00813442302578798
221,1.3695185336659e-19,8.673617379884034e-19
222,5.242915480247942e-05,0.000996153941247109
223,0.0,0.0
224,0.0,0.0
225,7.265853044102679e-05,0.0007417183392602329
226,3.5533546352292746e-05,0.0006751373806935622
227,0.00046195249436658734,0.008439050482352056
228,0.0,0.0
229,4.938018369845385e-05,0.0009382234902706232
23,2.7313404705744273e-05,0.0005189546894091412
230,3.569313899329222e-05,0.0006781696408725522
231,3.544855867356489e-06,6.735226147977329e-05
232,6.605569455818791e-07,1.2550581966055702e-05
233,0.00011655271497186764,0.0022145015844654854
234,0.00012445789979001343,0.0023647000960102553
235,1.3695185336659e-19,8.673617379884034e-19
236,4.2592619080628925e-05,0.0008092597625319496
237,0.00018137650232940344,0.003446153544258665
238,0.0,0.0
239,0.0,0.0
24,3.603439847636799e-05,0.0006846535710509897
240,0.0,0.0
241,0.0,0.0
242,0.0,0.0
243,0.0001822804552876515,0.002314924901937109
244,0.0,0.0
245,6.683531839647479e-05,0.001269871049533021
246,1.1991544643407794e-05,0.0002278393482247481
247,0.0,0.0
248,0.0,0.0
249,0.0,0.0
25,0.0,0.0
250,1.747661575909081e-05,0.0003320556994227254
251,0.0,0.0
252,6.348346554768099e-05,0.001206185845405936
253,0.0,0.0
254,0.0,0.0
255,0.0,0.0
256,0.0002181820681501555,0.004145459294852954
257,0.0,0.0
258,1.7474713215018988e-05,0.00033201955108536074
259,2.1968895895164336e-05,0.0004174090220081224
26,7.840134693557576e-05,0.001489625591775937
260,0.00020205809358899923,0.003839103778190985
261,0.0,0.0
262,0.0,0.0
263,0.0,0.0
263A,0.0001948308489728393,0.003701786130483947
264,0.0,0.0
265,0.0,0.0
266,0.0,0.0
267,0.0,0.0
268,0.0001409744334847654,0.0022731892063940487
269,0.0,0.0
27,0.0,0.0
270,0.00020433548392085644,0.0038823741944962725
271,0.0,0.0
272,0.0,0.0
273,0.0,0.0
274,3.666948916190606e-07,6.967202940762152e-06
275,5.2755864558767295e-05,0.0010023614266165787
276,4.234155509754895e-05,0.00080448954685343
277,2.737575717903127e-05,0.0005201393864015942
278,3.4658626916269175e-05,0.0006585139114091143
279,3.357349203165015e-05,0.0006378963486013529
28,4.248197863230441e-05,0.0008071575940137838
280,0.00497776714221216,0.050347845510014144
281,1.5004693573289696e-06,2.850891778925042e-05
282,0.0001291634634470579,0.0024541058054941
283,0.0,0.0
284,1.3695185336659003e-19,2.168404344971009e-19
285,0.0,0.0
286,0.0,0.0
287,9.4292510973047e-05,0.001791557708487893
288,0.0,0.0
289,0.0,0.0
29,0.0,0.0
290,0.0,0.0
291,0.0008813855889435964,0.016746326189928332
292,4.3934546041801994e-05,0.0008347563747942379
293,0.0,0.0
294,0.0,0.0
295,0.0002469566506907677,0.004692176363124586
296,3.265007101189405e-05,0.000620351349225987
297,0.00010914771125609816,0.002073806513865865
298,0.0005367231761065613,0.009211059798990857
299,0.0,0.0
3,4.565061778886334e-20,2.168404344971009e-19
30,0.00020586837104165313,0.003911499049791409
300,3.8307533336052806e-08,7.278431333850033e-07
301,7.719314072506493e-05,0.0014666696737762337
302,3.9423228477269966e-05,0.0007490413410681293
303,1.1749640615021004e-05,0.00022324317168539908
304,1.970431582610034e-05,0.0003743820006959064
305,4.7948262620948624e-05,0.0007835379633257548
306,0.0,0.0
307,4.7002274299218744e-05,0.0008930432116851561
308,0.00017739680609393799,0.0018835430994360047
309,0.0,0.0
31,0.0,0.0
310,0.00020551722958113744,0.0039048273620416116
311,1.95789473684211e-05,0.00037200000000000086
312,0.0,0.0
313,0.0003441130319561064,0.006202147607166021
314,7.363969390332176e-05,0.0013991541841631133
315,2.396657433915326e-19,4.336808689942018e-19
316,2.5578479467248197e-05,0.0004859911098777157
317,1.1412654447215836e-20,2.168404344971009e-19
318,0.00015907869404361286,0.0026571372945217663
319,0.0,0.0
32,1.412693568848459e-05,0.0002684117780812063
320,0.0,0.0
321,5.706327223607917e-20,8.673617379884034e-19
322,7.922228711312114e-06,0.00015052234551493016
323,0.00013475751332542695,0.002560392753183112
324,9.130123557772668e-20,4.336808689942018e-19
325,0.0,0.0
326,0.0,0.0
327,0.0002503570148348521,0.0047567832818621895
327A,0.0,0.0
328,1.626013452243218e-05,0.00027704882128214446
33,2.9622628264597687e-05,0.0003317478238270169
34,5.134792705534661e-05,0.0009756106140515855
35,0.0009915567431795125,0.018839578120410736
36,9.274600720300666e-05,0.0017621741368571266
37,1.8621264700207893e-07,3.5380402930394995e-06
38,1.279442902175206e-05,0.00024309415141328915
39,0.0001466708102917412,0.0027867453955430764
4,0.0,0.0
40,0.0,0.0
41,0.0,0.0
42,5.359552947573901e-05,0.0010183150600390394
43,0.00011415315674351064,0.0014969099781267016
44,0.0,0.0
45,0.0,0.0
46,0.0,0.0
47,2.282530889443167e-20,4.336808689942018e-19
48,2.052043438486914e-05,0.00038988825331251345
49,0.0,0.0
5,0.0,0.0
50,0.0,0.0
51,2.282530889443167e-20,2.168404344971009e-19
52,1.4921882160115059e-05,0.0002835157610421861
53,2.090064456627906e-06,3.971122467593021e-05
54,1.1412654447215836e-19,2.168404344971009e-19
55,0.0,0.0
56,0.0,0.0
56A,0.0,0.0
57,0.0,0.0
58,0.0,0.0
59,6.616745728422204e-05,0.0012571816884002186
6,2.282530889443167e-20,4.336808689942018e-19
60,0.0,0.0
61,0.0002928824741749553,0.00556476700932415
62,2.282530889443167e-20,4.336808689942018e-19
63,0.0,0.0
64,3.096870422205809e-05,0.0005884053802191037
65,1.2853534629998257e-05,0.0002442171579699645
66,0.0,0.0
67,0.0,0.0
68,0.0,0.0
69,4.000917023990142e-05,0.000760174234558127
7,0.0,0.0
70,3.439696119603988e-05,0.0003612949498117985
71,9.276212437710874e-05,0.001762480363165066
72,0.0,0.0
73,0.0,0.0
74,0.0,0.0
75,0.0,0.0
76,3.695666147649058e-05,0.0007021765680533211
77,0.0,0.0
78,0.0,0.0
78A,8.308788887351147e-05,0.0015786698885967133
79,0.0,0.0
80,0.0,0.0
81,0.0,0.0
82,0.0006461874267514041,0.012277561108276677
83,9.130123557772667e-20,1.7347234759768067e-18
84,9.481678372519617e-05,0.001801518890778727
85,1.6264728753650425e-05,0.00030902984631935807
86,8.68005874410054e-05,0.0016492111613791026
87,0.0,0.0
88,7.926616738253669e-05,0.0015060571802681948
89,0.0,0.0
90,0.0,0.0
91,0.0,0.0
92,0.0,0.0
93,0.0,0.0
93A,3.888928335971672e-05,0.0007388963838346175
94,0.0,0.0
95,1.1412654447215836e-20,2.168404344971009e-19
96,0.0,0.0
97,0.0,0.0
98,2.1862471001541068e-05,0.0004153869490292803
99,0.0,0.0
